CREATE TABLE SALOANE(
ID_SALON NUMBER(4),
DENUMIRE_SALON VARCHAR2(30) NOT NULL,
ORAS VARCHAR2(30), 
CONSTRAINT id_salon_pk PRIMARY KEY (ID_SALON)
);

CREATE TABLE ANGAJATI_SALON(
ID_ANGAJAT_SALON NUMBER(3),
NUME_ANGAJAT VARCHAR2(30) NOT NULL,
PRENUME_ANGAJAT VARCHAR2(30) NOT NULL,
SPECIALIZARE VARCHAR2(30),
TELEFON_ANGAJAT CHAR(10),
SALARIU NUMBER(7,2),
ID_SALON NUMBER(4),
CONSTRAINT pk_ang_salon PRIMARY KEY (ID_ANGAJAT_SALON),
CONSTRAINT fk_id_salon FOREIGN KEY(ID_SALON) REFERENCES SALOANE(ID_SALON) ON DELETE CASCADE
);
ALTER TABLE ANGAJATI_SALON ADD CONSTRAINT ck_salariu CHECK(SALARIU > 3300);

CREATE TABLE CLIENTI_SALON(
ID_CLIENT_SALON NUMBER(3),
NUME_CLIENT_SALON VARCHAR2(30) NOT NULL,
PRENUME_CLIENT_SALON VARCHAR2(30) NOT NULL,
TELEFON_CLIENT_SALON VARCHAR2(30),
SEX_CLIENT VARCHAR2(30),
EMAIL_CLIENT_SALON VARCHAR2(30),
DATA_NASTERII_CLIENT DATE,
CONSTRAINT pkId_client PRIMARY KEY(ID_CLIENT_SALON),
CONSTRAINT ckEmail_client CHECK(EMAIL_CLIENT_SALON LIKE '%@%.%')
);

CREATE TABLE SERVICII_SALON(
ID_SERVICIU NUMBER(3),
DENUMIRE_SERVICIU VARCHAR2(20) NOT NULL,
PRET_SERVICIU NUMBER(5,2),
DURATA_SERVICIU_MINUTE NUMBER(4),
CONSTRAINT pk_Id_serviciu PRIMARY KEY (ID_SERVICIU)
);

CREATE TABLE PROGRAMARI(
ID_PROGRAMARE NUMBER(3),
ID_CLIENT_SALON NUMBER(3),
ID_ANGAJAT_SALON NUMBER(3),
DATA_PROGRAMARE DATE,
ID_SERVICIU NUMBER(3),
STARE_PROGRAMARE VARCHAR2(20),
CONSTRAINT pk_Id_programare PRIMARY KEY (ID_PROGRAMARE),
CONSTRAINT fk_id_client_salon FOREIGN KEY(ID_CLIENT_SALON) REFERENCES CLIENTI_SALON(ID_CLIENT_SALON) ON DELETE CASCADE,
CONSTRAINT fk_id_angajat_salon FOREIGN KEY(ID_ANGAJAT_SALON) REFERENCES ANGAJATI_SALON(ID_ANGAJAT_SALON),
CONSTRAINT fk_id_serviciu FOREIGN KEY(ID_SERVICIU) REFERENCES SERVICII_SALON(ID_SERVICIU),
CONSTRAINT ck_stare_prog CHECK(STARE_PROGRAMARE IN ('CONFIRMATA','ANULATA','FINALIZATA'))
);

CREATE TABLE ISTORIC_SERVICII(
ID_CLIENT_SALON NUMBER(3),
ID_SERVICIU NUMBER(3),
RATING VARCHAR2(10),
CONSTRAINT pk_istoric PRIMARY KEY(ID_CLIENT_SALON,ID_SERVICIU),
CONSTRAINT fk_id_client_salon_istoric FOREIGN KEY(ID_CLIENT_SALON) REFERENCES CLIENTI_SALON(ID_CLIENT_SALON) ON DELETE CASCADE,
CONSTRAINT fk_id_serviciu_istoric FOREIGN KEY(ID_SERVICIU) REFERENCES SERVICII_SALON(ID_SERVICIU) ON DELETE CASCADE
);

ALTER TABLE ANGAJATI_SALON RENAME COLUMN SALARIU TO SALARIU_STANDARD;
ALTER TABLE ANGAJATI_SALON ADD(NUMAR_ORE_SUPLIMENTARE  NUMBER(7));
ALTER TABLE CLIENTI_SALON ADD CONSTRAINT UQ_EMAIL  UNIQUE(EMAIL_CLIENT_SALON);
ALTER TABLE CLIENTI_SALON ADD CONSTRAINT CK_SEX_CLIENT CHECK(SEX_CLIENT IN ('F','M'));
ALTER TABLE CLIENTI_SALON DROP CONSTRAINT CK_SEX_CLIENT;
ALTER TABLE SERVICII_SALON MODIFY(DENUMIRE_SERVICIU VARCHAR2(40));
ALTER TABLE PROGRAMARI MODIFY(ID_PROGRAMARE NUMBER(4));
ALTER TABLE ISTORIC_SERVICII ADD CONSTRAINT ck_rating CHECK(RATING BETWEEN 1 AND 5);
ALTER TABLE ISTORIC_SERVICII DISABLE CONSTRAINT ck_rating;
DROP TABLE ISTORIC_SERVICII CASCADE CONSTRAINTS;
FLASHBACK TABLE ISTORIC_SERVICII TO BEFORE DROP;

INSERT INTO SALOANE(ID_SALON,DENUMIRE_SALON,ORAS) VALUES (1,'Glam Beauty','Bucuresti');
INSERT INTO SALOANE(ID_SALON,DENUMIRE_SALON,ORAS) VALUES (2,'Glam Beauty','Sibiu');
INSERT INTO SALOANE(ID_SALON,DENUMIRE_SALON,ORAS) VALUES (3,'Glam Beauty','Iasi');
INSERT INTO ANGAJATI_SALON (ID_ANGAJAT_SALON, NUME_ANGAJAT, PRENUME_ANGAJAT, SPECIALIZARE, TELEFON_ANGAJAT,SALARIU_STANDARD,ID_SALON)
VALUES (10,'Preda','Cristina','Manichiura/Pedichiura','0727893684',5000,1);
INSERT INTO ANGAJATI_SALON (ID_ANGAJAT_SALON, NUME_ANGAJAT, PRENUME_ANGAJAT, SPECIALIZARE, TELEFON_ANGAJAT,SALARIU_STANDARD,ID_SALON)
VALUES (11,'Dulica','Denisa','Extensii de gene','0765783901',6000,1);
INSERT INTO ANGAJATI_SALON (ID_ANGAJAT_SALON, NUME_ANGAJAT, PRENUME_ANGAJAT, SPECIALIZARE, TELEFON_ANGAJAT,SALARIU_STANDARD,ID_SALON)
VALUES (12,'Frincu','Alexia','Make-up','0799647821',6100,1);
INSERT INTO ANGAJATI_SALON (ID_ANGAJAT_SALON, NUME_ANGAJAT, PRENUME_ANGAJAT, SPECIALIZARE, TELEFON_ANGAJAT,SALARIU_STANDARD,ID_SALON)
VALUES (13,'Achimoiu','Alexandra','Hairstylist femei','0748326007',4950,1);
INSERT INTO ANGAJATI_SALON (ID_ANGAJAT_SALON, NUME_ANGAJAT, PRENUME_ANGAJAT, SPECIALIZARE, TELEFON_ANGAJAT,SALARIU_STANDARD,ID_SALON)
VALUES (14,'Patru','Ianis','Hairstylist barbati','0745336489',4950,1);
INSERT INTO ANGAJATI_SALON (ID_ANGAJAT_SALON, NUME_ANGAJAT, PRENUME_ANGAJAT, SPECIALIZARE, TELEFON_ANGAJAT,SALARIU_STANDARD,ID_SALON)
VALUES (15,'Popescu','Teodora','Tratamente faciale','0786119832',5900,1);

INSERT INTO ANGAJATI_SALON (ID_ANGAJAT_SALON, NUME_ANGAJAT, PRENUME_ANGAJAT, SPECIALIZARE, TELEFON_ANGAJAT,SALARIU_STANDARD,ID_SALON)
VALUES (20,'Mincu','Paula','Manichiura/Pedichiura','0723650732',5000,2);
INSERT INTO ANGAJATI_SALON (ID_ANGAJAT_SALON, NUME_ANGAJAT, PRENUME_ANGAJAT, SPECIALIZARE, TELEFON_ANGAJAT,SALARIU_STANDARD,ID_SALON)
VALUES (21,'Cristescu','Sara','Extensii de gene','0743902131',6000,2);
INSERT INTO ANGAJATI_SALON (ID_ANGAJAT_SALON, NUME_ANGAJAT, PRENUME_ANGAJAT, SPECIALIZARE, TELEFON_ANGAJAT,SALARIU_STANDARD,ID_SALON)
VALUES (22,'Nedelcu','Stefania','Make-up','0797215367',6100,2);
INSERT INTO ANGAJATI_SALON (ID_ANGAJAT_SALON, NUME_ANGAJAT, PRENUME_ANGAJAT, SPECIALIZARE, TELEFON_ANGAJAT,SALARIU_STANDARD,ID_SALON)
VALUES (23,'Stancu','Andrada','Hairstylist femei','0743789200',4950,2);
INSERT INTO ANGAJATI_SALON (ID_ANGAJAT_SALON, NUME_ANGAJAT, PRENUME_ANGAJAT, SPECIALIZARE, TELEFON_ANGAJAT,SALARIU_STANDARD,ID_SALON)
VALUES (24,'Florescu','Teodor','Hairstylist barbati','0742733456',4950,2);
INSERT INTO ANGAJATI_SALON (ID_ANGAJAT_SALON, NUME_ANGAJAT, PRENUME_ANGAJAT, SPECIALIZARE, TELEFON_ANGAJAT,SALARIU_STANDARD,ID_SALON)
VALUES (25,'Budescu','Maria','Tratamente faciale','0708326746',5900,2);

INSERT INTO ANGAJATI_SALON (ID_ANGAJAT_SALON, NUME_ANGAJAT, PRENUME_ANGAJAT, SPECIALIZARE, TELEFON_ANGAJAT,SALARIU_STANDARD,ID_SALON)
VALUES (30,'Muresan','Ana','Manichiura/Pedichiura','0744563897',5000,3);
INSERT INTO ANGAJATI_SALON (ID_ANGAJAT_SALON, NUME_ANGAJAT, PRENUME_ANGAJAT, SPECIALIZARE, TELEFON_ANGAJAT,SALARIU_STANDARD,ID_SALON)
VALUES (31,'Anton','Elena','Extensii de gene','0732817560',6000,3);
INSERT INTO ANGAJATI_SALON (ID_ANGAJAT_SALON, NUME_ANGAJAT, PRENUME_ANGAJAT, SPECIALIZARE, TELEFON_ANGAJAT,SALARIU_STANDARD,ID_SALON)
VALUES (32,'Matei','Ioana','Make-up','0797764257',6100,3);
INSERT INTO ANGAJATI_SALON (ID_ANGAJAT_SALON, NUME_ANGAJAT, PRENUME_ANGAJAT, SPECIALIZARE, TELEFON_ANGAJAT,SALARIU_STANDARD,ID_SALON)
VALUES (33,'Dumitrascu','Florentina','Hairstylist femei','0728003118',4950,3);
INSERT INTO ANGAJATI_SALON (ID_ANGAJAT_SALON, NUME_ANGAJAT, PRENUME_ANGAJAT, SPECIALIZARE, TELEFON_ANGAJAT,SALARIU_STANDARD,ID_SALON)
VALUES (34,'Lican','George','Hairstylist barbati','0756139063',4950,3);

UPDATE ANGAJATI_SALON SET NUMAR_ORE_SUPLIMENTARE=3 WHERE ID_ANGAJAT_SALON IN (10,22,34);
UPDATE ANGAJATI_SALON SET NUMAR_ORE_SUPLIMENTARE=2 WHERE ID_ANGAJAT_SALON IN (12,24,33);
UPDATE ANGAJATI_SALON SET NUMAR_ORE_SUPLIMENTARE=4 WHERE ID_ANGAJAT_SALON IN (15,31);

INSERT INTO CLIENTI_SALON(ID_CLIENT_SALON,NUME_CLIENT_SALON,PRENUME_CLIENT_SALON,TELEFON_CLIENT_SALON,SEX_CLIENT,EMAIL_CLIENT_SALON,DATA_NASTERII_CLIENT)
VALUES (101,'Anghel','Bianca','0732891730','F','anghelb@gmail.com',TO_DATE('06-03-2001','dd-mm-yyyy'));
INSERT INTO CLIENTI_SALON(ID_CLIENT_SALON,NUME_CLIENT_SALON,PRENUME_CLIENT_SALON,TELEFON_CLIENT_SALON,SEX_CLIENT,EMAIL_CLIENT_SALON,DATA_NASTERII_CLIENT)
VALUES (102,'Barbu','Cosmina','0732890382','F','cosminaab@gmail.com',TO_DATE('22-05-2002','dd-mm-yyyy'));
INSERT INTO CLIENTI_SALON(ID_CLIENT_SALON,NUME_CLIENT_SALON,PRENUME_CLIENT_SALON,TELEFON_CLIENT_SALON,SEX_CLIENT,EMAIL_CLIENT_SALON,DATA_NASTERII_CLIENT)
VALUES (111,'Costea','Miruna','0733890232','F','costeaMiruna@gmail.com',TO_DATE('13-04-1999','dd-mm-yyyy'));
INSERT INTO CLIENTI_SALON(ID_CLIENT_SALON,NUME_CLIENT_SALON,PRENUME_CLIENT_SALON,TELEFON_CLIENT_SALON,SEX_CLIENT,EMAIL_CLIENT_SALON,DATA_NASTERII_CLIENT)
VALUES (112,'Enache','Carmen','0739280151','F','carmenEC@gmail.com',TO_DATE('24-12-2005','dd-mm-yyyy'));
INSERT INTO CLIENTI_SALON(ID_CLIENT_SALON,NUME_CLIENT_SALON,PRENUME_CLIENT_SALON,TELEFON_CLIENT_SALON,SEX_CLIENT,EMAIL_CLIENT_SALON,DATA_NASTERII_CLIENT)
VALUES (121,'Ene','Andreea','0727932841','F','andreeaEne12@gmail.com',TO_DATE('28-09-2000','dd-mm-yyyy'));
INSERT INTO CLIENTI_SALON(ID_CLIENT_SALON,NUME_CLIENT_SALON,PRENUME_CLIENT_SALON,TELEFON_CLIENT_SALON,SEX_CLIENT,EMAIL_CLIENT_SALON,DATA_NASTERII_CLIENT)
VALUES (122,'Ganea','Ioana','0732794302','F','ganeaIoana33@gmail.com',TO_DATE('10-10-2004','dd-mm-yyyy'));
INSERT INTO CLIENTI_SALON(ID_CLIENT_SALON,NUME_CLIENT_SALON,PRENUME_CLIENT_SALON,TELEFON_CLIENT_SALON,SEX_CLIENT,EMAIL_CLIENT_SALON,DATA_NASTERII_CLIENT)
VALUES (131,'Gojdu','Larisa','0734379402','F','larisaa23@gmail.com',TO_DATE('04-05-2003','dd-mm-yyyy'));
INSERT INTO CLIENTI_SALON(ID_CLIENT_SALON,NUME_CLIENT_SALON,PRENUME_CLIENT_SALON,TELEFON_CLIENT_SALON,SEX_CLIENT,EMAIL_CLIENT_SALON,DATA_NASTERII_CLIENT)
VALUES (132,'Stanciu','Teodora','0743902212','F','Stanciu2Teodora@gmail.com',TO_DATE('25-02-2003','dd-mm-yyyy'));
INSERT INTO CLIENTI_SALON(ID_CLIENT_SALON,NUME_CLIENT_SALON,PRENUME_CLIENT_SALON,TELEFON_CLIENT_SALON,SEX_CLIENT,EMAIL_CLIENT_SALON,DATA_NASTERII_CLIENT)
VALUES (141,'Herlea','Andrei','0743790832','M','Andrei2002@gmail.com',TO_DATE('07-07-2002','dd-mm-yyyy'));
INSERT INTO CLIENTI_SALON(ID_CLIENT_SALON,NUME_CLIENT_SALON,PRENUME_CLIENT_SALON,TELEFON_CLIENT_SALON,SEX_CLIENT,EMAIL_CLIENT_SALON,DATA_NASTERII_CLIENT)
VALUES (142,'Ilie','Cosmin','0742303821','M','Coosmin13@gmail.com',TO_DATE('16-11-1998','dd-mm-yyyy'));
INSERT INTO CLIENTI_SALON(ID_CLIENT_SALON,NUME_CLIENT_SALON,PRENUME_CLIENT_SALON,TELEFON_CLIENT_SALON,SEX_CLIENT,EMAIL_CLIENT_SALON,DATA_NASTERII_CLIENT)
VALUES (151,'Lazaroiu','Carina','0744839203','F','Caarrina13@gmail.com',TO_DATE('21-02-1999','dd-mm-yyyy'));
INSERT INTO CLIENTI_SALON(ID_CLIENT_SALON,NUME_CLIENT_SALON,PRENUME_CLIENT_SALON,TELEFON_CLIENT_SALON,SEX_CLIENT,EMAIL_CLIENT_SALON,DATA_NASTERII_CLIENT)
VALUES (152,'Manea','Georgiana','0743792038','F','georgii8@gmail.com',TO_DATE('12-09-2000','dd-mm-yyyy'));

INSERT INTO CLIENTI_SALON(ID_CLIENT_SALON,NUME_CLIENT_SALON,PRENUME_CLIENT_SALON,TELEFON_CLIENT_SALON,SEX_CLIENT,EMAIL_CLIENT_SALON,DATA_NASTERII_CLIENT)
VALUES (201,'Manoliu','Mihaela','0733890031','F','mihaelaManoliu@gmail.com',TO_DATE('02-02-2002','dd-mm-yyyy'));
INSERT INTO CLIENTI_SALON(ID_CLIENT_SALON,NUME_CLIENT_SALON,PRENUME_CLIENT_SALON,TELEFON_CLIENT_SALON,SEX_CLIENT,EMAIL_CLIENT_SALON,DATA_NASTERII_CLIENT)
VALUES (202,'Miron','Ionelia','0730926494','F','mironI@gmail.com',TO_DATE('19-08-2003','dd-mm-yyyy'));
INSERT INTO CLIENTI_SALON(ID_CLIENT_SALON,NUME_CLIENT_SALON,PRENUME_CLIENT_SALON,TELEFON_CLIENT_SALON,SEX_CLIENT,EMAIL_CLIENT_SALON,DATA_NASTERII_CLIENT)
VALUES (211,'Nastase','Cornelia','0736028645','F','corneliaa4@gmail.com',TO_DATE('27-07-1988','dd-mm-yyyy'));
INSERT INTO CLIENTI_SALON(ID_CLIENT_SALON,NUME_CLIENT_SALON,PRENUME_CLIENT_SALON,TELEFON_CLIENT_SALON,SEX_CLIENT,EMAIL_CLIENT_SALON,DATA_NASTERII_CLIENT)
VALUES (212,'Nita','Adriana','0783908322','F','adriananita5@gmail.com',TO_DATE('20-03-2001','dd-mm-yyyy'));
INSERT INTO CLIENTI_SALON(ID_CLIENT_SALON,NUME_CLIENT_SALON,PRENUME_CLIENT_SALON,TELEFON_CLIENT_SALON,SEX_CLIENT,EMAIL_CLIENT_SALON,DATA_NASTERII_CLIENT)
VALUES (221,'Olar','Maria','0724536628','F','olarma67@gmail.com',TO_DATE('19-05-2002','dd-mm-yyyy'));
INSERT INTO CLIENTI_SALON(ID_CLIENT_SALON,NUME_CLIENT_SALON,PRENUME_CLIENT_SALON,TELEFON_CLIENT_SALON,SEX_CLIENT,EMAIL_CLIENT_SALON,DATA_NASTERII_CLIENT)
VALUES (222,'Pacuraru','Emilia','0772904832','F','emiliap8@gmail.com',TO_DATE('14-04-2003','dd-mm-yyyy'));
INSERT INTO CLIENTI_SALON(ID_CLIENT_SALON,NUME_CLIENT_SALON,PRENUME_CLIENT_SALON,TELEFON_CLIENT_SALON,SEX_CLIENT,EMAIL_CLIENT_SALON,DATA_NASTERII_CLIENT)
VALUES (231,'Plugaru','Valentina','0720371730','F','valentpl90@gmail.com',TO_DATE('15-12-2001','dd-mm-yyyy'));
INSERT INTO CLIENTI_SALON(ID_CLIENT_SALON,NUME_CLIENT_SALON,PRENUME_CLIENT_SALON,TELEFON_CLIENT_SALON,SEX_CLIENT,EMAIL_CLIENT_SALON,DATA_NASTERII_CLIENT)
VALUES (232,'Popovici','Ana-Maria','0793782038','F','anamariaa@gmail.com',TO_DATE('19-07-1987','dd-mm-yyyy'));
INSERT INTO CLIENTI_SALON(ID_CLIENT_SALON,NUME_CLIENT_SALON,PRENUME_CLIENT_SALON,TELEFON_CLIENT_SALON,SEX_CLIENT,EMAIL_CLIENT_SALON,DATA_NASTERII_CLIENT)
VALUES (241,'Raducan','Emil','0785083744','M','raducanemil@gmail.com',TO_DATE('24-05-2003','dd-mm-yyyy'));
INSERT INTO CLIENTI_SALON(ID_CLIENT_SALON,NUME_CLIENT_SALON,PRENUME_CLIENT_SALON,TELEFON_CLIENT_SALON,SEX_CLIENT,EMAIL_CLIENT_SALON,DATA_NASTERII_CLIENT)
VALUES (242,'Simion','Vlad','0782084366','M','simion77@gmail.com',TO_DATE('16-04-2000','dd-mm-yyyy'));
INSERT INTO CLIENTI_SALON(ID_CLIENT_SALON,NUME_CLIENT_SALON,PRENUME_CLIENT_SALON,TELEFON_CLIENT_SALON,SEX_CLIENT,EMAIL_CLIENT_SALON,DATA_NASTERII_CLIENT)
VALUES (251,'Stoian','Loredana','0753682083','F','loredana25@gmail.com',TO_DATE('25-12-2004','dd-mm-yyyy'));
INSERT INTO CLIENTI_SALON(ID_CLIENT_SALON,NUME_CLIENT_SALON,PRENUME_CLIENT_SALON,TELEFON_CLIENT_SALON,SEX_CLIENT,EMAIL_CLIENT_SALON,DATA_NASTERII_CLIENT)
VALUES (252,'Toboc','Gabriela','0739203973','F','tobocgabriela@gmail.com',TO_DATE('18-03-1999','dd-mm-yyyy'));

INSERT INTO CLIENTI_SALON(ID_CLIENT_SALON,NUME_CLIENT_SALON,PRENUME_CLIENT_SALON,TELEFON_CLIENT_SALON,SEX_CLIENT,EMAIL_CLIENT_SALON,DATA_NASTERII_CLIENT)
VALUES (301,'Trancu','Crina','0723047821','F','crina2005@gmail.com',TO_DATE('25-04-2005','dd-mm-yyyy'));
INSERT INTO CLIENTI_SALON(ID_CLIENT_SALON,NUME_CLIENT_SALON,PRENUME_CLIENT_SALON,TELEFON_CLIENT_SALON,SEX_CLIENT,EMAIL_CLIENT_SALON,DATA_NASTERII_CLIENT)
VALUES (302,'Zamfir','Corina','0723990283','F','zamfirC55@gmail.com',TO_DATE('09-01-2000','dd-mm-yyyy'));
INSERT INTO CLIENTI_SALON(ID_CLIENT_SALON,NUME_CLIENT_SALON,PRENUME_CLIENT_SALON,TELEFON_CLIENT_SALON,SEX_CLIENT,EMAIL_CLIENT_SALON,DATA_NASTERII_CLIENT)
VALUES (303,'Tanase','Iulia','0720932972','F','iuliatanasee@gmail.com',TO_DATE('11-06-1999','dd-mm-yyyy'));
INSERT INTO CLIENTI_SALON(ID_CLIENT_SALON,NUME_CLIENT_SALON,PRENUME_CLIENT_SALON,TELEFON_CLIENT_SALON,SEX_CLIENT,EMAIL_CLIENT_SALON,DATA_NASTERII_CLIENT)
VALUES (304,'Stoian','Gabriel','0740397263','M','stoiangab@gmail.com',TO_DATE('18-11-2001','dd-mm-yyyy'));
INSERT INTO CLIENTI_SALON(ID_CLIENT_SALON,NUME_CLIENT_SALON,PRENUME_CLIENT_SALON,TELEFON_CLIENT_SALON,SEX_CLIENT,EMAIL_CLIENT_SALON,DATA_NASTERII_CLIENT)
VALUES (305,'Racovita','Alexandra','0743948383','F','racovitaalexa@gmail.com',TO_DATE('26-10-2002','dd-mm-yyyy'));
INSERT INTO CLIENTI_SALON(ID_CLIENT_SALON,NUME_CLIENT_SALON,PRENUME_CLIENT_SALON,TELEFON_CLIENT_SALON,SEX_CLIENT,EMAIL_CLIENT_SALON,DATA_NASTERII_CLIENT)
VALUES (306,'Golescu','Denis','0743002837','M','deniss91@gmail.com',TO_DATE('19-06-1999','dd-mm-yyyy'));
INSERT INTO SERVICII_SALON(ID_SERVICIU,DENUMIRE_SERVICIU,PRET_SERVICIU,DURATA_SERVICIU_MINUTE)
VALUES (40,'Manichiura',100,90);
INSERT INTO SERVICII_SALON(ID_SERVICIU,DENUMIRE_SERVICIU,PRET_SERVICIU,DURATA_SERVICIU_MINUTE)
VALUES (41,'Pedichiura',120,100);
INSERT INTO SERVICII_SALON(ID_SERVICIU,DENUMIRE_SERVICIU,PRET_SERVICIU,DURATA_SERVICIU_MINUTE)
VALUES (42,'Aplicare extensii de gene 2D',200,120);
INSERT INTO SERVICII_SALON(ID_SERVICIU,DENUMIRE_SERVICIU,PRET_SERVICIU,DURATA_SERVICIU_MINUTE)
VALUES (43,'Aplicare extensii de gene 3D',250,150);
INSERT INTO SERVICII_SALON(ID_SERVICIU,DENUMIRE_SERVICIU,PRET_SERVICIU,DURATA_SERVICIU_MINUTE)
VALUES (44,'Make-up de zi',250,90);
INSERT INTO SERVICII_SALON(ID_SERVICIU,DENUMIRE_SERVICIU,PRET_SERVICIU,DURATA_SERVICIU_MINUTE)
VALUES (45,'Make-up de seara',350,120);
INSERT INTO SERVICII_SALON(ID_SERVICIU,DENUMIRE_SERVICIU,PRET_SERVICIU,DURATA_SERVICIU_MINUTE)
VALUES (46,'Make-up pentru mirese',300,100);
INSERT INTO SERVICII_SALON(ID_SERVICIU,DENUMIRE_SERVICIU,PRET_SERVICIU,DURATA_SERVICIU_MINUTE)
VALUES (47,'Tuns',40,20);
INSERT INTO SERVICII_SALON(ID_SERVICIU,DENUMIRE_SERVICIU,PRET_SERVICIU,DURATA_SERVICIU_MINUTE)
VALUES (48,'Coafat',150,60);
INSERT INTO SERVICII_SALON(ID_SERVICIU,DENUMIRE_SERVICIU,PRET_SERVICIU,DURATA_SERVICIU_MINUTE)
VALUES (49,'Tratament facial',250,60);
INSERT INTO PROGRAMARI(ID_PROGRAMARE,ID_CLIENT_SALON,ID_ANGAJAT_SALON,DATA_PROGRAMARE,ID_SERVICIU,STARE_PROGRAMARE)
VALUES (1000,101,10,TO_DATE('02-02-2024','dd-mm-yyyy'),40,'CONFIRMATA');
INSERT INTO PROGRAMARI(ID_PROGRAMARE,ID_CLIENT_SALON,ID_ANGAJAT_SALON,DATA_PROGRAMARE,ID_SERVICIU,STARE_PROGRAMARE)
VALUES (1001,102,20,TO_DATE('03-04-2023','dd-mm-yyyy'),41,'FINALIZATA');
INSERT INTO PROGRAMARI(ID_PROGRAMARE,ID_CLIENT_SALON,ID_ANGAJAT_SALON,DATA_PROGRAMARE,ID_SERVICIU,STARE_PROGRAMARE)
VALUES (1002,111,11,TO_DATE('22-07-2023','dd-mm-yyyy'),42,'ANULATA');
INSERT INTO PROGRAMARI(ID_PROGRAMARE,ID_CLIENT_SALON,ID_ANGAJAT_SALON,DATA_PROGRAMARE,ID_SERVICIU,STARE_PROGRAMARE)
VALUES (1003,112,11,TO_DATE('20-03-2023','dd-mm-yyyy'),43,'FINALIZATA');
INSERT INTO PROGRAMARI(ID_PROGRAMARE,ID_CLIENT_SALON,ID_ANGAJAT_SALON,DATA_PROGRAMARE,ID_SERVICIU,STARE_PROGRAMARE)
VALUES (1004,121,22,TO_DATE('20-03-2024','dd-mm-yyyy'),46,'CONFIRMATA');
INSERT INTO PROGRAMARI(ID_PROGRAMARE,ID_CLIENT_SALON,ID_ANGAJAT_SALON,DATA_PROGRAMARE,ID_SERVICIU,STARE_PROGRAMARE)
VALUES (1005,122,32,TO_DATE('30-05-2023','dd-mm-yyyy'),44,'FINALIZATA');
INSERT INTO PROGRAMARI(ID_PROGRAMARE,ID_CLIENT_SALON,ID_ANGAJAT_SALON,DATA_PROGRAMARE,ID_SERVICIU,STARE_PROGRAMARE)
VALUES (1006,131,12,TO_DATE('20-03-2023','dd-mm-yyyy'),45,'FINALIZATA');
INSERT INTO PROGRAMARI(ID_PROGRAMARE,ID_CLIENT_SALON,ID_ANGAJAT_SALON,DATA_PROGRAMARE,ID_SERVICIU,STARE_PROGRAMARE)
VALUES (1007,132,23,TO_DATE('03-03-2024','dd-mm-yyyy'),48,'CONFIRMATA');
INSERT INTO PROGRAMARI(ID_PROGRAMARE,ID_CLIENT_SALON,ID_ANGAJAT_SALON,DATA_PROGRAMARE,ID_SERVICIU,STARE_PROGRAMARE)
VALUES (1008,121,23,TO_DATE('20-03-2024','dd-mm-yyyy'),48,'CONFIRMATA');
INSERT INTO PROGRAMARI(ID_PROGRAMARE,ID_CLIENT_SALON,ID_ANGAJAT_SALON,DATA_PROGRAMARE,ID_SERVICIU,STARE_PROGRAMARE)
VALUES (1009,141,14,TO_DATE('07-11-2023','dd-mm-yyyy'),47,'FINALIZATA');
INSERT INTO PROGRAMARI(ID_PROGRAMARE,ID_CLIENT_SALON,ID_ANGAJAT_SALON,DATA_PROGRAMARE,ID_SERVICIU,STARE_PROGRAMARE)
VALUES (1010,142,24,TO_DATE('12-10-2023','dd-mm-yyyy'),47,'FINALIZATA');
INSERT INTO PROGRAMARI(ID_PROGRAMARE,ID_CLIENT_SALON,ID_ANGAJAT_SALON,DATA_PROGRAMARE,ID_SERVICIU,STARE_PROGRAMARE)
VALUES (1011,151,32,TO_DATE('14-08-2023','dd-mm-yyyy'),45,'FINALIZATA');
INSERT INTO PROGRAMARI(ID_PROGRAMARE,ID_CLIENT_SALON,ID_ANGAJAT_SALON,DATA_PROGRAMARE,ID_SERVICIU,STARE_PROGRAMARE)
VALUES (1012,151,33,TO_DATE('14-08-2023','dd-mm-yyyy'),47,'FINALIZATA');
INSERT INTO PROGRAMARI(ID_PROGRAMARE,ID_CLIENT_SALON,ID_ANGAJAT_SALON,DATA_PROGRAMARE,ID_SERVICIU,STARE_PROGRAMARE)
VALUES (1013,152,25,TO_DATE('18-09-2023','dd-mm-yyyy'),45,'FINALIZATA');
INSERT INTO PROGRAMARI(ID_PROGRAMARE,ID_CLIENT_SALON,ID_ANGAJAT_SALON,DATA_PROGRAMARE,ID_SERVICIU,STARE_PROGRAMARE)
VALUES (1014,201,11,TO_DATE('14-03-2024','dd-mm-yyyy'),42,'CONFIRMATA');
INSERT INTO PROGRAMARI(ID_PROGRAMARE,ID_CLIENT_SALON,ID_ANGAJAT_SALON,DATA_PROGRAMARE,ID_SERVICIU,STARE_PROGRAMARE)
VALUES (1015,201,10,TO_DATE('14-03-2024','dd-mm-yyyy'),40,'ANULATA');
INSERT INTO PROGRAMARI(ID_PROGRAMARE,ID_CLIENT_SALON,ID_ANGAJAT_SALON,DATA_PROGRAMARE,ID_SERVICIU,STARE_PROGRAMARE)
VALUES (1016,202,31,TO_DATE('07-05-2023','dd-mm-yyyy'),43,'FINALIZATA');
INSERT INTO PROGRAMARI(ID_PROGRAMARE,ID_CLIENT_SALON,ID_ANGAJAT_SALON,DATA_PROGRAMARE,ID_SERVICIU,STARE_PROGRAMARE)
VALUES (1017,211,13,TO_DATE('22-06-2023','dd-mm-yyyy'),48,'FINALIZATA');
INSERT INTO PROGRAMARI(ID_PROGRAMARE,ID_CLIENT_SALON,ID_ANGAJAT_SALON,DATA_PROGRAMARE,ID_SERVICIU,STARE_PROGRAMARE)
VALUES (1018,212,21,TO_DATE('16-06-2023','dd-mm-yyyy'),42,'FINALIZATA');
INSERT INTO PROGRAMARI(ID_PROGRAMARE,ID_CLIENT_SALON,ID_ANGAJAT_SALON,DATA_PROGRAMARE,ID_SERVICIU,STARE_PROGRAMARE)
VALUES (1019,221,15,TO_DATE('10-02-2024','dd-mm-yyyy'),49,'CONFIRMATA');
INSERT INTO PROGRAMARI(ID_PROGRAMARE,ID_CLIENT_SALON,ID_ANGAJAT_SALON,DATA_PROGRAMARE,ID_SERVICIU,STARE_PROGRAMARE)
VALUES (1020,222,21,TO_DATE('21-06-2023','dd-mm-yyyy'),43,'ANULATA');
INSERT INTO PROGRAMARI(ID_PROGRAMARE,ID_CLIENT_SALON,ID_ANGAJAT_SALON,DATA_PROGRAMARE,ID_SERVICIU,STARE_PROGRAMARE)
VALUES (1021,231,12,TO_DATE('15-03-2023','dd-mm-yyyy'),44,'FINALIZATA');
INSERT INTO PROGRAMARI(ID_PROGRAMARE,ID_CLIENT_SALON,ID_ANGAJAT_SALON,DATA_PROGRAMARE,ID_SERVICIU,STARE_PROGRAMARE)
VALUES (1022,232,22,TO_DATE('04-03-2024','dd-mm-yyyy'),46,'CONFIRMATA');
INSERT INTO PROGRAMARI(ID_PROGRAMARE,ID_CLIENT_SALON,ID_ANGAJAT_SALON,DATA_PROGRAMARE,ID_SERVICIU,STARE_PROGRAMARE)
VALUES (1023,232,23,TO_DATE('04-03-2024','dd-mm-yyyy'),48,'CONFIRMATA');
INSERT INTO PROGRAMARI(ID_PROGRAMARE,ID_CLIENT_SALON,ID_ANGAJAT_SALON,DATA_PROGRAMARE,ID_SERVICIU,STARE_PROGRAMARE)
VALUES (1024,241,14,TO_DATE('06-04-2024','dd-mm-yyyy'),47,'CONFIRMATA');
INSERT INTO PROGRAMARI(ID_PROGRAMARE,ID_CLIENT_SALON,ID_ANGAJAT_SALON,DATA_PROGRAMARE,ID_SERVICIU,STARE_PROGRAMARE)
VALUES (1025,242,34,TO_DATE('08-05-2023','dd-mm-yyyy'),47,'FINALIZATA');
INSERT INTO PROGRAMARI(ID_PROGRAMARE,ID_CLIENT_SALON,ID_ANGAJAT_SALON,DATA_PROGRAMARE,ID_SERVICIU,STARE_PROGRAMARE)
VALUES (1026,251,30,TO_DATE('31-01-2023','dd-mm-yyyy'),41,'FINALIZATA');
INSERT INTO PROGRAMARI(ID_PROGRAMARE,ID_CLIENT_SALON,ID_ANGAJAT_SALON,DATA_PROGRAMARE,ID_SERVICIU,STARE_PROGRAMARE)
VALUES (1027,252,12,TO_DATE('24-08-2023','dd-mm-yyyy'),45,'FINALIZATA');
INSERT INTO PROGRAMARI(ID_PROGRAMARE,ID_CLIENT_SALON,ID_ANGAJAT_SALON,DATA_PROGRAMARE,ID_SERVICIU,STARE_PROGRAMARE)
VALUES (1028,301,15,TO_DATE('29-06-2023','dd-mm-yyyy'),49,'FINALIZATA');
INSERT INTO PROGRAMARI(ID_PROGRAMARE,ID_CLIENT_SALON,ID_ANGAJAT_SALON,DATA_PROGRAMARE,ID_SERVICIU,STARE_PROGRAMARE)
VALUES (1029,302,25,TO_DATE('28-06-2023','dd-mm-yyyy'),49,'FINALIZATA');
INSERT INTO PROGRAMARI(ID_PROGRAMARE,ID_CLIENT_SALON,ID_ANGAJAT_SALON,DATA_PROGRAMARE,ID_SERVICIU,STARE_PROGRAMARE)
VALUES (1030,303,12,TO_DATE('20-02-2023','dd-mm-yyyy'),44,'ANULATA');
INSERT INTO PROGRAMARI(ID_PROGRAMARE,ID_CLIENT_SALON,ID_ANGAJAT_SALON,DATA_PROGRAMARE,ID_SERVICIU,STARE_PROGRAMARE)
VALUES (1031,305,22,TO_DATE('09-05-2023','dd-mm-yyyy'),44,'FINALIZATA');
INSERT INTO PROGRAMARI(ID_PROGRAMARE,ID_CLIENT_SALON,ID_ANGAJAT_SALON,DATA_PROGRAMARE,ID_SERVICIU,STARE_PROGRAMARE)
VALUES (1032,305,23,TO_DATE('09-05-2023','dd-mm-yyyy'),47,'FINALIZATA');
INSERT INTO PROGRAMARI(ID_PROGRAMARE,ID_CLIENT_SALON,ID_ANGAJAT_SALON,DATA_PROGRAMARE,ID_SERVICIU,STARE_PROGRAMARE)
VALUES (1033,304,24,TO_DATE('10-05-2023','dd-mm-yyyy'),47,'FINALIZATA');
INSERT INTO PROGRAMARI(ID_PROGRAMARE,ID_CLIENT_SALON,ID_ANGAJAT_SALON,DATA_PROGRAMARE,ID_SERVICIU,STARE_PROGRAMARE)
VALUES (1034,306,10,TO_DATE('10-05-2023','dd-mm-yyyy'),40,'FINALIZATA');
INSERT INTO PROGRAMARI(ID_PROGRAMARE,ID_CLIENT_SALON,ID_ANGAJAT_SALON,DATA_PROGRAMARE,ID_SERVICIU,STARE_PROGRAMARE)
VALUES (1035,306,10,TO_DATE('20-06-2023','dd-mm-yyyy'),40,'FINALIZATA');
INSERT INTO PROGRAMARI(ID_PROGRAMARE,ID_CLIENT_SALON,ID_ANGAJAT_SALON,DATA_PROGRAMARE,ID_SERVICIU,STARE_PROGRAMARE)
VALUES (1036,302,25,TO_DATE('30-07-2023','dd-mm-yyyy'),49,'FINALIZATA');
INSERT INTO ISTORIC_SERVICII(ID_CLIENT_SALON,ID_SERVICIU,RATING)
VALUES(101,40,5);
INSERT INTO ISTORIC_SERVICII(ID_CLIENT_SALON,ID_SERVICIU,RATING)
VALUES(102,41,5);
INSERT INTO ISTORIC_SERVICII(ID_CLIENT_SALON,ID_SERVICIU,RATING)
VALUES(111,42,4);
INSERT INTO ISTORIC_SERVICII(ID_CLIENT_SALON,ID_SERVICIU,RATING)
VALUES(112,43,5);
INSERT INTO ISTORIC_SERVICII(ID_CLIENT_SALON,ID_SERVICIU,RATING)
VALUES(121,48,5);
INSERT INTO ISTORIC_SERVICII(ID_CLIENT_SALON,ID_SERVICIU,RATING)
VALUES(121,46,5);
INSERT INTO ISTORIC_SERVICII(ID_CLIENT_SALON,ID_SERVICIU,RATING)
VALUES(122,44,4);
INSERT INTO ISTORIC_SERVICII(ID_CLIENT_SALON,ID_SERVICIU,RATING)
VALUES(131,45,5);
INSERT INTO ISTORIC_SERVICII(ID_CLIENT_SALON,ID_SERVICIU,RATING)
VALUES(132,48,4);
INSERT INTO ISTORIC_SERVICII(ID_CLIENT_SALON,ID_SERVICIU,RATING)
VALUES(141,47,5);
INSERT INTO ISTORIC_SERVICII(ID_CLIENT_SALON,ID_SERVICIU,RATING)
VALUES(142,47,5);
INSERT INTO ISTORIC_SERVICII(ID_CLIENT_SALON,ID_SERVICIU,RATING)
VALUES(151,47,5);
INSERT INTO ISTORIC_SERVICII(ID_CLIENT_SALON,ID_SERVICIU,RATING)
VALUES(151,45,5);
INSERT INTO ISTORIC_SERVICII(ID_CLIENT_SALON,ID_SERVICIU,RATING)
VALUES(152,45,4);
INSERT INTO ISTORIC_SERVICII(ID_CLIENT_SALON,ID_SERVICIU,RATING)
VALUES(201,40,5);
INSERT INTO ISTORIC_SERVICII(ID_CLIENT_SALON,ID_SERVICIU,RATING)
VALUES(201,42,5);
INSERT INTO ISTORIC_SERVICII(ID_CLIENT_SALON,ID_SERVICIU,RATING)
VALUES(202,43,4);
INSERT INTO ISTORIC_SERVICII(ID_CLIENT_SALON,ID_SERVICIU,RATING)
VALUES(211,48,5);
INSERT INTO ISTORIC_SERVICII(ID_CLIENT_SALON,ID_SERVICIU,RATING)
VALUES(212,42,5);
INSERT INTO ISTORIC_SERVICII(ID_CLIENT_SALON,ID_SERVICIU,RATING)
VALUES(221,49,4);
INSERT INTO ISTORIC_SERVICII(ID_CLIENT_SALON,ID_SERVICIU,RATING)
VALUES(222,43,5);
INSERT INTO ISTORIC_SERVICII(ID_CLIENT_SALON,ID_SERVICIU,RATING)
VALUES(231,44,4);
INSERT INTO ISTORIC_SERVICII(ID_CLIENT_SALON,ID_SERVICIU,RATING)
VALUES(232,48,5);
INSERT INTO ISTORIC_SERVICII(ID_CLIENT_SALON,ID_SERVICIU,RATING)
VALUES(232,46,5);
INSERT INTO ISTORIC_SERVICII(ID_CLIENT_SALON,ID_SERVICIU,RATING)
VALUES(241,47,5);
INSERT INTO ISTORIC_SERVICII(ID_CLIENT_SALON,ID_SERVICIU,RATING)
VALUES(242,47,5);
INSERT INTO ISTORIC_SERVICII(ID_CLIENT_SALON,ID_SERVICIU,RATING)
VALUES(251,41,4);
INSERT INTO ISTORIC_SERVICII(ID_CLIENT_SALON,ID_SERVICIU,RATING)
VALUES(252,45,5);
INSERT INTO ISTORIC_SERVICII(ID_CLIENT_SALON,ID_SERVICIU,RATING)
VALUES(301,49,5);
INSERT INTO ISTORIC_SERVICII(ID_CLIENT_SALON,ID_SERVICIU,RATING)
VALUES(302,49,5);
INSERT INTO ISTORIC_SERVICII(ID_CLIENT_SALON,ID_SERVICIU,RATING)
VALUES(303,44,5);
INSERT INTO ISTORIC_SERVICII(ID_CLIENT_SALON,ID_SERVICIU,RATING)
VALUES(304,47,5);
INSERT INTO ISTORIC_SERVICII(ID_CLIENT_SALON,ID_SERVICIU,RATING)
VALUES(305,44,5);
INSERT INTO ISTORIC_SERVICII(ID_CLIENT_SALON,ID_SERVICIU,RATING)
VALUES(305,47,5);
INSERT INTO ISTORIC_SERVICII(ID_CLIENT_SALON,ID_SERVICIU,RATING)
VALUES(306,40,5);

UPDATE CLIENTI_SALON SET SEX_CLIENT =LOWER(SEX_CLIENT);
UPDATE CLIENTI_SALON SET SEX_CLIENT =UPPER(SEX_CLIENT);
UPDATE PROGRAMARI SET STARE_PROGRAMARE='ANULATA' WHERE ID_PROGRAMARE=1006;

